"Horodateur","E-mail","Your Twitter/X username","What do you hope to see or experience with Stealf ?"
"2025/09/26 12:42:05 PM UTC+3","slingshit222@gmail.com","@peaceofheav1","want to try the products"
"2025/09/26 12:47:32 PM UTC+3","Kru.shah21@gmail.com","Kru_tweets",""
"2025/09/26 12:48:59 PM UTC+3","sirirat.krachaow@gmail.com","@BellaItsa","Trying the system sending, spending. I am Solana OG."
"2025/09/26 12:50:02 PM UTC+3","khankaankan@gmail.com","@khannnn__","hope to see real privacy on Stealf"
"2025/09/26 12:50:30 PM UTC+3","kragorii@gmail.com","@GeiKra","Experience to Send, spend, and save in USDC like cash from Stealf."
"2025/09/26 12:56:56 PM UTC+3","sammieab4@gmail.com","@sammxygoinup ","How they intend to integrate arcium's technology "
"2025/09/26 12:58:56 PM UTC+3","artbyit10@gmail.com","x.com/zicza10","
Lower fees"
"2025/09/26 1:02:43 PM UTC+3","dahab8210@gmail.com","not_dahab","If stealf is powered by Arcium, then I want to be test the great MPC tech that underlies sending confidential crypto assets securely. "
"2025/09/26 1:10:02 PM UTC+3","dadatech6668@gmail.com","Rohit0x_","Want to see if they can make a system like UPI ( india best payment thing ) on onchain.

easy UI, very smooth, also pay bills with just one click type password and done you can spend your onchain money on real life.

I can also help to make it possible.

Thankyou "
"2025/09/26 1:10:16 PM UTC+3","lcjianye@gmail.com","lcjianye","In short, I'd hope to see a secure and effective tool that genuinely addresses a user need for digital privacy"
"2025/09/26 1:13:18 PM UTC+3","applepie493@gmail.com","@applepie493","I want to experience using USDC as if I were transacting at a bank."
"2025/09/26 1:20:25 PM UTC+3","thisistinyone@gmail.com","","I'm a big believer in privacy especially when it comes to finance (and health), so I'd love to experience full confidentiality when transacting with Stealf"
"2025/09/26 1:28:56 PM UTC+3","quadribello3@gmail.com","Quabnation","I’m hoping to experience the first stablecoin-native neobank with no hidden fees and no borders."
"2025/09/26 1:29:59 PM UTC+3","janwilliem61@gmail.com","Jayofdefi ","Fairness"
"2025/09/26 1:31:44 PM UTC+3","barnabashq@gmail.com","@_bobbycrypt",""
"2025/09/26 1:35:38 PM UTC+3","oyibeanthonyobinna4real@gmail.com","@Mazi_Oyibe","A real Privacy focused Dex for managing my portfolio, swapping and sending funds across wallets anonymously."
"2025/09/26 1:44:27 PM UTC+3","hdgraphicx254@gmail.com","spitfire_onX ","The product and it's value proposition"
"2025/09/26 2:03:03 PM UTC+3","matek47@gmail.com","MJRachynskey","Stealf is the concept we were building for the EVM, but shifted the focus elsewhere now (it was common.fi). Would be great to see that vision come to life on Solana and use it!"
"2025/09/26 4:07:38 PM UTC+3","nathan@supermodular.info","@nathanjessop","An actually usable neobank for foundations."
"2025/09/26 5:28:29 PM UTC+3","bimly.as@gmail.com","@guefaraman","Seamless transaction and cashback/point rewards accross several stable coin not only usd"
"2025/09/26 7:08:28 PM UTC+3","airdropsacm@gmail.com","@dr_alpha66","Competitive fees"
"2025/09/26 8:18:56 PM UTC+3","heisdecent444@gmail.com","@wavexico","good tek"
"2025/09/27 12:00:21 AM UTC+3","ioann0xacc@gmail.com","ioann0x","on/off ramp options, cashbacks, portfolio tracking and analysis"
"2025/09/27 1:01:34 AM UTC+3","yamenenoch@gmail.com","@d_gback","i hope to have a swift and fast experience with stealf i already like what am seeing about they ui"
"2025/09/27 8:47:28 AM UTC+3","Gloidowu04@gmail.com","Gloryidowu3 ","The ui and the speed"
"2025/09/27 9:57:37 AM UTC+3","azizfarhat0529@gmail.com","arow299","greatness"
"2025/09/28 12:53:30 PM UTC+3","nasirmehmoodbutt89@gmail.com","0xRoh4n ","i wanna test every aspect of stealf and wanna make sure that stealf provides what it offers in a best way. I'm hoping to see the privacy solutions stealf offers. that's all "
"2025/09/28 11:29:02 PM UTC+3","odiyomaogaga@gmail.com","@OdiyomaOgaga","Privacy, <encryption>"
"2025/09/29 8:39:37 AM UTC+3","rosemaryezeh61@gmail.com","@Web3Diva ","I want to experience the borderless transactions with stealf.
I can't wait for what's next🫶"
"2025/09/29 12:18:23 PM UTC+3","Sobix13@gmail.com","Sobix1313","Privacy 2.0 but in a easy way "
"2025/09/29 9:39:53 PM UTC+3","metav3rseos@gmail.com","@alu69420","Assets and transactions with complete privacy and 100% self-control"